"Variables","Estimate","Std. Error","t value","Pr(>|t|)","significance"
"(Intercept)",-173425.640510784,69751.5997216291,-2.48633208704757,0.0129146627041213,"*"
"Years.of.Experience",10237.1555326095,149.008705910247,68.7017276613065,0,"***"
"Years.at.Company",1287.78159108034,280.15353990586,4.59669933677466,4.31802202190649e-06,"***"
"X9001_I",1923.10999451989,424.592262327924,4.52931003494035,5.95108572391864e-06,"***"
"Company3M",-9679.40480539758,119485.897050562,-0.0810087637480902,0.935435775459824,""
"CompanyAccenture",-5173.21168891971,54408.0418471805,-0.0950817473536368,0.924250827207878,""
"CompanyActivecampaign",-42439.8442330209,71934.5274204789,-0.589978773127226,0.555211397276184,""
"CompanyAdobe",61801.7475752344,54119.8836712561,1.14194161891849,0.253491654063924,""
"CompanyAdp",-6921.67857064431,61180.7907165829,-0.113134833492242,0.909924769323426,""
"CompanyAetna",46628.1062265486,68866.0929476035,0.677083659472673,0.498360532571686,""
"CompanyAffirm",71496.4938464008,60486.1851900403,1.18203013831617,0.237207482607745,""
"CompanyAirbnb",218757.186752416,54140.2281349199,4.04056640114748,5.35170637189317e-05,"***"
"CompanyAkamai Technologies",17936.7142763238,63146.6207558888,0.284048680065767,0.776375949978777,""
"CompanyAkuna Capital",123000.806889066,71915.1974473751,1.71035902361352,0.0872146667497067,"."
"CompanyAlibaba",488448.461326676,81401.6972385357,6.00047023461132,2.00059096310386e-09,"***"
"CompanyAlign Technology",-27575.8521863006,81384.764253648,-0.338833102721244,0.73473894031243,""
"CompanyAllstate",2752.56122535241,75505.3987906086,0.0364551577693909,0.970919789554522,""
"CompanyAma",121983.907338961,71495.4889406302,1.70617627974062,0.0879904429830975,"."
"CompanyAmadeus",-27534.0113605461,71692.3777299706,-0.384057723182972,0.700939656898353,""
"CompanyAmazon",81182.5523863413,53368.4033561041,1.52117259054286,0.128231988332721,""
"CompanyAmd",23529.6441958517,56482.4168876222,0.416583522668062,0.676987434548807,""
"CompanyAmerican Airlines",-39696.2643981601,69081.8241613723,-0.574626754288238,0.565550072967503,""
"CompanyAmerican Express",15845.898611329,56070.9180227497,0.282604586657557,0.777482823283145,""
"CompanyAnalog Devices",44506.2438758394,92320.6034819414,0.482083545787753,0.629751755910634,""
"CompanyAnaplan",99269.0943597226,71587.6247195061,1.38667953782065,0.165554613807379,""
"CompanyAncestry",28070.3942967504,66878.3381414578,0.419723262820575,0.674692036891964,""
"CompanyAndela",-106693.018162841,119185.296293358,-0.895186079835139,0.370698157756625,""
"CompanyAppdynamics",71376.8690295579,65295.7039754024,1.09313269761892,0.274348414313718,""
"CompanyAppfolio",34907.878463692,75723.7885849291,0.460989592782202,0.644810972804465,""
"CompanyApple",108431.37789071,53378.1539260336,2.0313811909075,0.0422292419678541,"*"
"CompanyApplied Materials",-15458.0285546633,65256.5710222963,-0.236880797021678,0.812751639801793,""
"CompanyArgo Ai",181287.648618652,58130.8004641021,3.11861607222498,0.00181954727641659,"**"
"CompanyArista Networks",57814.4272685656,68791.9868637349,0.840423861911215,0.40068059756102,""
"CompanyArm",42939.9548305056,55762.1060578591,0.770056188084984,0.441275455729436,""
"CompanyAruba Networks",9722.34735190256,81375.9207341504,0.119474498895869,0.90490061548472,""
"CompanyAsana",121111.336200329,60042.0962148904,2.01710706046758,0.0436973792458459,"*"
"CompanyAsml",39922.6163911759,60450.7739546121,0.660415306198573,0.508994788833091,""
"CompanyAsurion",-1699.71186320591,81486.0925414471,-0.0208589197272083,0.983358400239408,""
"CompanyAt&T",1218.94819863415,57852.917559437,0.0210697791927576,0.983190197752482,""
"CompanyAthenahealth",25283.6905605149,75617.7582113574,0.334361810751452,0.738109981145155,""
"CompanyAtlassian",70528.4668562842,55036.2182515159,1.28149188110943,0.200035475467769,""
"CompanyAudible",53033.779706316,59009.6937880541,0.898729959467306,0.368807093454584,""
"CompanyAutodesk",18025.1576837735,55634.5243444626,0.323992303271441,0.745947173757181,""
"CompanyAutomattic",-48284.0789501193,75463.8173100632,-0.639830857637791,0.522289734550329,""
"CompanyAvanade",-50958.9597846707,63136.9460844944,-0.807117907104245,0.419607940326455,""
"CompanyAxon",36303.4749813807,65314.5628087603,0.55582512414079,0.578336487417059,""
"CompanyBain",60211.3048601171,60039.8164675459,1.00285624445011,0.315942089242506,""
"CompanyBank Of America",838.701114324073,56158.7788386256,0.0149344613908738,0.988084612415051,""
"CompanyBarclays",-3247.05787775815,66902.7457748789,-0.0485340002140446,0.961291141926941,""
"CompanyBcg",50010.2236987075,58235.3318303895,0.858760860921379,0.390482527564013,""
"CompanyBest Buy",-20441.4154094186,71814.7447456153,-0.28464092550669,0.775922134955226,""
"CompanyBetter.Com",53344.2157796806,71591.2914241638,0.745121574405286,0.456206788517327,""
"CompanyBird",78478.0034648694,69071.5760093576,1.13618376760706,0.255892973032287,""
"CompanyBlackrock",7206.95277817158,58705.0053181398,0.122765558730724,0.902293954083674,""
"CompanyBlackstone",51715.5816695275,75453.5817970904,0.685395980387,0.493101846562106,""
"CompanyBlend",46401.9351016217,75425.8274574665,0.615199549886122,0.538429788626168,""
"CompanyBlink Health",71628.952050036,71588.5432126551,1.0005644595569,0.317049254951441,""
"CompanyBlizzard Entertainment",-9560.05170236453,56846.6020332905,-0.168172790640432,0.866449008566237,""
"CompanyBloomberg",73615.2049874623,53852.7483922885,1.36697210792687,0.171649070052813,""
"CompanyBlue Origin",-28821.4923712011,68869.96658483,-0.418491452812024,0.675592227823754,""
"CompanyBluecore",11965.1396042594,71585.2094955594,0.167145415771977,0.867257284154398,""
"CompanyBny Mellon",13133.2574041387,61644.663553307,0.213047758672277,0.831291834674322,""
"CompanyBoeing",-27676.0504158737,56904.320661978,-0.48636114259714,0.626716345920886,""
"CompanyBooking.Com",58430.2195024739,119195.564994926,0.490204643981185,0.6239943524589,""
"CompanyBooz Allen Hamilton",5777.71020453391,57822.7310978947,0.0999210880363324,0.920407953478217,""
"CompanyBosch",52740.4074720801,75499.7298732717,0.698550942640541,0.484840652174074,""
"CompanyBose",-2173.68506986024,71743.9447622762,-0.0302978192384424,0.975829831346118,""
"CompanyBoston Consulting Group",99234.2071763339,68864.5017786389,1.44100668142952,0.149598101544967,""
"CompanyBox",119683.394628347,55349.220858394,2.16233205765527,0.0306041437874265,"*"
"CompanyBroadcom",92774.7148945512,55041.2463494155,1.68554894824863,0.0918979611345878,"."
"CompanyBytedance",229155.171844587,56013.147214116,4.09109616655921,4.30983306694509e-05,"***"
"CompanyCa Technologies",145786.328706931,92369.2631339515,1.57829914151763,0.114512365531317,""
"CompanyCadence",15611.3652331235,63046.7842107172,0.247615567210321,0.804434350086472,""
"CompanyCadence Design Systems",20206.5838889134,58625.7328180339,0.344670896509419,0.730345343466912,""
"CompanyCambia Health Solutions",11247.4367692524,75617.8301885827,0.148740538325453,0.88175983823464,""
"CompanyCapgemini",-22252.3277314822,65348.5846030509,-0.340517363408102,0.733470445845696,""
"CompanyCapital One",28368.9642299038,53866.4625527587,0.526653559292448,0.598439901598421,""
"CompanyCarta",114384.355783773,61577.1217563254,1.85757879746991,0.0632432113114312,"."
"CompanyCbs Interactive",-49426.9935369505,75438.0987323456,-0.6551993537419,0.51234677804008,""
"CompanyCenturylink",-75915.9032505625,75558.5022089869,-1.00473012342922,0.315038703437344,""
"CompanyCerner",5134.08558819555,56512.9981481468,0.0908478714000756,0.927614360921753,""
"CompanyCgi",12606.2171227624,71740.2330521828,0.175720325770239,0.860515405440705,""
"CompanyChan Zuckerberg Initiative",54994.7163509341,66849.1438683258,0.822668970290156,0.410705855052147,""
"CompanyCharles Schwab",14928.9509097322,57668.3664822728,0.25887591101304,0.795733589745515,""
"CompanyCharter Communications",-11001.0038690392,92439.8128047048,-0.119007206259501,0.90527081517861,""
"CompanyChegg",17763.9394863625,66811.0454550721,0.265883273721679,0.790331786767845,""
"CompanyChevron",-11730.4563655829,69006.6209302737,-0.169990302487579,0.865019444187536,""
"CompanyChewy",36958.3036582978,61216.4951884714,0.603731127443866,0.546029110172595,""
"CompanyCiena",36256.886543964,92421.6250655079,0.39229873439539,0.694841585818795,""
"CompanyCimpress",1771.0401591133,67062.0462484609,0.0264089788216676,0.978931390192913,""
"CompanyCisco",31277.5274589319,53566.6916027711,0.583898809560116,0.559294832405906,""
"CompanyCitadel",268155.777728273,58043.1408973146,4.61993912773731,3.86192140141841e-06,"***"
"CompanyCiti",12150.7673347362,58549.2844843377,0.207530586270215,0.835597574052167,""
"CompanyCitrix Systems Inc",24537.5315225567,59263.7076433107,0.414039763935126,0.67884932673178,""
"CompanyCloudera",90369.65867628,57561.3619842812,1.56997082002608,0.116437366810954,""
"CompanyCloudflare",85415.215847827,59646.4849887659,1.432024298899,0.152152146577619,""
"CompanyCognizant",-73805.3850380833,60054.2270513647,-1.22897901882839,0.219093809788309,""
"CompanyCohesity",108651.678994394,64028.175345568,1.69693542581821,0.0897240825262417,"."
"CompanyCoinbase",163308.59698297,56171.5996016753,2.90731611955197,0.0036493614176,"**"
"CompanyComcast",40472.2395474669,55810.8202650476,0.725168333940673,0.468357061907615,""
"CompanyCommvault",-67109.2619365734,75399.8663003539,-0.8900448399901,0.373452276652997,""
"CompanyCompass",100218.724023392,57474.5445978521,1.74370627422313,0.0812253428638029,"."
"CompanyConfluent",38541.699839758,92268.5605155497,0.41771216137335,0.676161963792119,""
"CompanyConstant Contact",-32921.6529478964,69073.8650976694,-0.476615184358739,0.63364125975863,""
"CompanyConvoy",18126.3696621222,65323.5613221527,0.277485937619497,0.781409806289483,""
"CompanyCornerstone Ondemand",42083.1527217335,67091.511667075,0.627250030235727,0.530502353846899,""
"CompanyCostar Group",2580.32752474479,68944.848492724,0.0374259655529898,0.970145734854898,""
"CompanyCoupang",96966.8380515232,66847.4420518102,1.45056916278665,0.146915200260517,""
"CompanyCoursera",64232.0722218635,75354.1921208294,0.852402108151705,0.394000930043388,""
"CompanyCox Automotive",11272.4229919874,61772.4641870818,0.182482974256105,0.855205522920966,""
"CompanyCredit Karma",108534.433058704,57814.3091551873,1.87729360853161,0.0604920825748932,"."
"CompanyCredit Suisse",-7200.1028491171,92355.8717720692,-0.0779604232082469,0.937860297345161,""
"CompanyCriteo",56414.9814130427,77346.3481196269,0.729381319022187,0.465776792864569,""
"CompanyCrowdstrike",32713.8586356116,65311.9619161674,0.500886172698382,0.616456623708199,""
"CompanyCruise",144686.244020875,54956.6062633918,2.63273615054456,0.00847637636752153,"**"
"CompanyDatabricks",113472.75443732,61008.7904790013,1.85994106007357,0.062908208355158,"."
"CompanyDatadog",96902.6455256809,61060.192951298,1.5870019540058,0.112527658138397,""
"CompanyDell",2758.00467475265,54809.9563156135,0.0503194101975044,0.959868347554613,""
"CompanyDeloitte",674.200496066214,54462.2528969614,0.0123792252469201,0.990123180288244,""
"CompanyDeutsche Bank",10881.7932082159,119184.378839476,0.0913021766289691,0.927253382505399,""
"CompanyDigitalocean",27691.1142384598,66889.3976377125,0.413983609008425,0.67889045123693,""
"CompanyDish Network",-21969.2830170681,71754.7482378057,-0.306171836102869,0.759476930778718,""
"CompanyDisney",18243.4989845456,55670.1794302509,0.327706847207181,0.743136679417408,""
"CompanyDocker",92997.1005582236,65346.7461747569,1.42313284137394,0.154712899922667,""
"CompanyDocusign",84124.663827648,56389.3692999887,1.49185324950362,0.13575304156123,""
"CompanyDoordash",221317.40174184,55718.24699583,3.97208120633091,7.14913726800745e-05,"***"
"CompanyDrift.Com",1273.56527815514,71738.5409125613,0.0177528740054446,0.985836173062057,""
"CompanyDropbox",156500.81958011,54174.0509737806,2.88885207524639,0.00387056709389958,"**"
"CompanyEbay",55433.7524386339,53950.6740161997,1.02748952537625,0.304202164428799,""
"CompanyElastic",30495.2952042637,81550.6241400172,0.373943124603256,0.708450506886762,""
"CompanyElectronic Arts",64300.5649414965,60029.4774655906,1.0711498359844,0.284114700604815,""
"CompanyElsevier",17275.7898098572,81884.9219526516,0.210976445942595,0.832907752633096,""
"CompanyEpam",-57671.531345938,56876.6822656543,-1.01397495508917,0.310606695864656,""
"CompanyEpic",48937.1945300547,57167.172229776,0.856036648679385,0.391987535195237,""
"CompanyEricsson",-51526.3268885659,63131.5706459293,-0.816173688716682,0.414410306870375,""
"CompanyErnst And Young",17144.9819051871,57063.5463676309,0.300454195305894,0.763833783411045,""
"CompanyEsri",22788.2217997566,67257.1618131196,0.338822233728445,0.734747128607669,""
"CompanyEtsy",76397.1070911636,62325.0686493246,1.22578456384888,0.220293869135882,""
"CompanyEvernote",38842.2006162324,66852.0894223863,0.581017002637251,0.561235395540812,""
"CompanyExpedia",17247.5829604639,54079.1458304709,0.318932237105448,0.749781154561648,""
"CompanyExperian",55161.8279041678,81427.12712356,0.677437972488746,0.498135773862025,""
"CompanyExxonmobil",-13501.0235755502,61758.7369990518,-0.218609126928187,0.82695672333361,""
"CompanyEy",4292.10893656882,59308.0054250223,0.0723698075126628,0.94230831941839,""
"CompanyF5 Networks",-1618.70719686338,59982.2706110423,-0.0269864274955505,0.978470822624602,""
"CompanyFacebook",188520.694327346,53516.0679191748,3.52269330796255,0.000428116460306523,"***"
"CompanyFactset",26632.8606860911,63959.4671862813,0.416402166211347,0.677120112381171,""
"CompanyFannie Mae",9573.69450802417,69066.0386009229,0.138616528498802,0.889754546026752,""
"CompanyFeedzai",30727.2204770256,72049.8721379243,0.426471547627521,0.669768763922251,""
"CompanyFico",-12458.9521584114,75573.8472157621,-0.164857984837549,0.869057392027433,""
"CompanyFidelity Investments",9860.955951558,75516.6019525641,0.130579974424064,0.896108869185998,""
"CompanyFis",-509.62461467692,66601.8270991183,-0.00765181132221021,0.993894872077004,""
"CompanyFiserv",-33827.2308387157,75570.8345087296,-0.447622830403019,0.654430163491117,""
"CompanyFitbit",30576.8760902596,62306.4367827746,0.490749875440044,0.623608630162066,""
"CompanyFlatiron Health",74222.6380882353,64156.3674203531,1.15690212947887,0.247325858094375,""
"CompanyFlexport",138584.485239095,60044.1413449285,2.30804341830763,0.0210066478363205,"*"
"CompanyFlipkart",-43597.9885907539,119162.515428038,-0.365869992204745,0.71446587228653,""
"CompanyFord",57428.1263181164,67546.1331263104,0.850205980122156,0.395220528427327,""
"CompanyFortinet",1565.59345530658,68776.383089649,0.0227635328433287,0.981839119085703,""
"CompanyGarmin",-18424.5248866113,81579.4938705529,-0.225847501773504,0.82132228665711,""
"CompanyGe",4223.11942469187,57648.1074514805,0.073256861523967,0.941602435186984,""
"CompanyGeico",4991.10162175535,75683.1169788317,0.0659473581558665,0.947420380720225,""
"CompanyGenentech",27417.5641743261,75892.6171060541,0.361267870575766,0.717902940621142,""
"CompanyGeneral Atomics",-39579.9595607128,69178.270530831,-0.572144392408205,0.567230443810192,""
"CompanyGeneral Electric",-6041.01852418284,81864.7443810229,-0.0737926755877492,0.941176076687056,""
"CompanyGeneral Motors",-5942.41343975995,56370.927386527,-0.105416279548032,0.916046532421794,""
"CompanyGithub",94524.1240111599,60982.4173925858,1.55002258114242,0.121151566186116,""
"CompanyGlassdoor",52351.5915766087,68858.1573421618,0.760281622356947,0.447095027069398,""
"CompanyGodaddy",30631.9884981524,56002.9591228454,0.54697089185876,0.584404696623832,""
"CompanyGoldman Sachs",54981.9348465695,54147.2769326835,1.0154145870516,0.309920252133415,""
"CompanyGoogle",130433.256271327,53348.4712403249,2.44492959664672,0.0144964182290545,"*"
"CompanyGrab",100560.667802081,81433.6098628899,1.2348791607224,0.21688966410239,""
"CompanyGroupon",39303.0312185671,55939.4578004603,0.702599430955579,0.482313412206126,""
"CompanyGrubhub",59742.6328663015,58837.305178302,1.01538696725243,0.309933412341326,""
"CompanyGuidewire",19025.7494651046,64108.2517462152,0.296775359596791,0.766641031725477,""
"CompanyGusto",54031.5363860706,59289.6144532066,0.911315360782353,0.362139973870859,""
"CompanyHashicorp",14620.2331483008,75440.6091883798,0.193797920053817,0.84633603994918,""
"CompanyHbo",63474.9913587787,63108.2581123854,1.00581117681525,0.31451830701649,""
"CompanyHere Technologies",6279.62694857404,65318.318944256,0.096138832873718,0.923411251726678,""
"CompanyHitachi",-25964.6072752353,75355.230955666,-0.344562772165228,0.730426639336754,""
"CompanyHomeaway",61304.8574574904,81519.6071370556,0.752025918800381,0.452044124730553,""
"CompanyHoneywell",-48380.1351336377,62382.9670744877,-0.775534371038652,0.438032929001813,""
"CompanyHouzz",133777.439037743,65249.5491561072,2.05024311689396,0.040353429698236,"*"
"CompanyHp",-24371.0462099743,60086.7173431841,-0.405597897298659,0.685042316114263,""
"CompanyHpe",8025.15503793166,57957.7072406591,0.13846570922153,0.889873731564588,""
"CompanyHuawei",165261.013367165,92292.5324231524,1.79062172234542,0.0733688004292434,"."
"CompanyHubspot",55812.4937684948,56569.4024650801,0.986619821606697,0.323840718691319,""
"CompanyHudson River Trading",171890.4734967,71559.5726944339,2.40206120613224,0.0163118386668449,"*"
"CompanyHulu",91446.8879479251,57905.2087734046,1.57925150232644,0.11429384287732,""
"CompanyHumana",47460.8950200714,75586.0919838027,0.627905131412823,0.530073098667121,""
"CompanyIbm",9908.67445668782,53707.5517509068,0.184493132411691,0.853628443096366,""
"CompanyIcims",17063.3793348191,92348.8242610353,0.184770942904344,0.853410531314763,""
"CompanyIheartradio",18561.6895260019,68888.9319393257,0.269443711833858,0.787590969970974,""
"CompanyIhs Markit",-29763.472291651,68889.1920098865,-0.432048503158224,0.665710715317316,""
"CompanyIndeed",105563.588444565,55210.3512481303,1.91202530065664,0.0558869030502967,"."
"CompanyInformatica",7511.90689761426,65324.3520099095,0.114993974934106,0.908451026336035,""
"CompanyInfosys",-70645.0539277489,64109.5330873808,-1.10194304225333,0.270499399403258,""
"CompanyInstacart",177530.864786612,56411.7108949582,3.14705691371752,0.00165159506115253,"**"
"CompanyIntel",9680.3581959711,53642.4458062734,0.180460790899266,0.856792621005862,""
"CompanyIntercom",2540.02024286715,81440.4726520037,0.031188672660591,0.975119377702376,""
"CompanyIntuit",61576.7614970804,53858.0083411048,1.14331672101741,0.252920494897383,""
"CompanyIqvia",22130.8028870497,92589.6903486689,0.239020163084149,0.811092342437079,""
"CompanyIrobot",36739.1613338808,81584.2829596041,0.45032155705863,0.652483369737142,""
"CompanyJane Street Capital",357269.50044014,66898.1803676634,5.340496534833,9.3681918227545e-08,"***"
"CompanyJcpenney",-7936.74964684323,71886.757050087,-0.110406283055908,0.912088253528105,""
"CompanyJohnson And Johnson",98324.0037975129,71547.4978118424,1.37424797239015,0.169379768116482,""
"CompanyJp Morgan Chase",-30277.5863550537,75450.271557951,-0.401291946733398,0.688209383802771,""
"CompanyJpmorgan",8790.34577037045,54095.635099614,0.162496396505624,0.87091657077578,""
"CompanyJump Trading",131226.892151334,81758.6584554847,1.60505192514605,0.108497814584053,""
"CompanyJuniper Networks",-5126.94266492605,58360.9682181261,-0.0878488281031242,0.929997688451243,""
"CompanyJust Eat",-47343.0498747725,119126.301815923,-0.397418950753026,0.691062689707899,""
"CompanyKaiser Permanente",9422.83982271369,71566.2689681859,0.131665936460968,0.89524982454481,""
"CompanyKeeptruckin",44768.7904214021,75395.5227640065,0.593785794967317,0.552661956922664,""
"CompanyKla",-11209.8983830699,71484.1246974927,-0.156816613905648,0.87539092645229,""
"CompanyKpmg",5897.58045025114,57178.6653247984,0.103143024006427,0.917850469945848,""
"CompanyKroger",18919.7461111004,75581.8302242565,0.250321354417645,0.802341357474084,""
"CompanyL3Harris",4608.48954116545,81673.3629516743,0.0564258575209186,0.955003109534764,""
"CompanyLeidos",-3942.30165773044,67160.7263779131,-0.0586995089294765,0.953192023855249,""
"CompanyLek",47795.7912745667,71599.739281021,0.667541415017917,0.50443389532704,""
"CompanyLendingclub",24449.0508470616,61605.2374038203,0.396866433397518,0.691470098282545,""
"CompanyLiberty Mutual",10183.1580195511,63252.5451855454,0.160992067428746,0.872101238231963,""
"CompanyLinkedin",157309.712354076,53591.1767229937,2.9353658936655,0.00333525125326113,"**"
"CompanyLiveramp",59528.4906396981,65336.4885874704,0.911106365319942,0.362250068964365,""
"CompanyLockheed Martin",-8102.76014439654,56518.0139205496,-0.143365974533129,0.886002565863706,""
"CompanyLogmein",-15110.7046895058,71563.9975958739,-0.21114953324487,0.832772692829216,""
"CompanyLucid Software",67229.1897593817,92459.9281688603,0.727117045090069,0.467162578898733,""
"CompanyLumentum",-47896.3054220106,92271.1422101963,-0.519082177533919,0.603709051809492,""
"CompanyLyft",201469.062846828,53921.6131377695,3.73633226313307,0.000187231392704075,"***"
"CompanyMacy'S",-17941.89297928,65327.075583888,-0.27464711712436,0.783590137087422,""
"CompanyMagic Leap",373191.661801017,76111.5170464626,4.90322196012991,9.50000624018143e-07,"***"
"CompanyMailchimp",35115.338615844,92509.430419029,0.379586583300602,0.704256262052287,""
"CompanyMapbox",13942.6398912127,71578.0982745637,0.194789191488864,0.845559918600303,""
"CompanyMarqeta",25095.8334388038,68880.2516025508,0.36434003731012,0.715607871838397,""
"CompanyMarvell",10641.7716472356,61516.2286698723,0.172991288271991,0.862659986883786,""
"CompanyMassmutual",-5817.2503279633,68936.4842428322,-0.0843856542998588,0.932750638584896,""
"CompanyMastercard",49490.3353469737,58800.884902523,0.841659703404399,0.399988299227296,""
"CompanyMathworks",28371.3521149794,71738.0069101712,0.395485647524407,0.692488635916659,""
"CompanyMcafee",1726.63077605495,63073.0906151602,0.0273750780121109,0.978160842701935,""
"CompanyMckinsey",59406.1649918944,57615.4452206066,1.03108055078688,0.302515237941533,""
"CompanyMedallia",104119.286755993,75459.1758015079,1.37980948837652,0.167660391412766,""
"CompanyMedtronic",-17999.6513142416,64554.9094356821,-0.278826993509691,0.78038041637509,""
"CompanyMellanox",60910.7420721485,92337.5606322948,0.659652926231247,0.509484008028998,""
"CompanyMi",89698.5010397496,68852.4994596401,1.30276317844248,0.192670290580311,""
"CompanyMic",80925.1829451954,68856.3843258757,1.17527493982551,0.239898416345371,""
"CompanyMicrochip",-13710.987510019,66905.3633991593,-0.204931067009065,0.837628021305004,""
"CompanyMicron",-2335.21796387028,68794.9061460555,-0.0339446347802624,0.972921631462493,""
"CompanyMicrosoft",51979.311518223,53399.0893216637,0.9734119472546,0.330360113583767,""
"CompanyMicrostrategy",31358.4085208131,92552.2298580222,0.338818508953461,0.734749934721652,""
"CompanyMitre",-13790.0492209602,81840.6827625738,-0.16849870694464,0.86619262672781,""
"CompanyMixpanel",121134.69573692,71535.456003609,1.6933518356381,0.0904037424467398,"."
"CompanyMobileiron",8345.91308643851,71476.6339805277,0.116764215403766,0.907048047965052,""
"CompanyMongodb",98005.9591891173,59338.1610473809,1.65165144081328,0.0986209760103416,"."
"CompanyMoody'S Analytics",-5490.17810954487,71554.0937757045,-0.0767276590317045,0.938840951046916,""
"CompanyMorgan Stanley",-1265.6679332944,56662.3112395059,-0.0223370333049872,0.982179325805706,""
"CompanyMorningstar",-6461.75019418153,75760.6572756806,-0.0852916332373977,0.932030377706826,""
"CompanyMozilla",39050.1269896948,59638.032958276,0.654785630119878,0.512613146030163,""
"CompanyMsft",14888.8633436353,81476.4250930421,0.182738299166084,0.855005174252614,""
"CompanyN26",-1911.94535248947,92357.6205590036,-0.0207015440731067,0.983483939200091,""
"CompanyNational Instruments",-35981.2384079009,66993.8254105862,-0.537082905586926,0.591216189782104,""
"CompanyNcr",-16306.2831858431,69389.7593620553,-0.234995528673931,0.81421455583284,""
"CompanyNerdwallet",25911.4223030455,62304.5722195587,0.415883158811118,0.677499866251917,""
"CompanyNetapp",3914.99136662135,55935.9387734702,0.0699906259279264,0.944201804922574,""
"CompanyNetflix",264334.971136188,58590.8920895203,4.51153689096104,6.47176653217056e-06,"***"
"CompanyNetskope",29196.282992458,66789.9501567448,0.437135870350842,0.662017429112472,""
"CompanyNew Relic",8629.48461296387,67028.5369274686,0.12874344284587,0.89756192468775,""
"CompanyNextdoor",74015.955224457,57811.857818483,1.28029020373037,0.20045760913207,""
"CompanyNextera Analytics",-41227.6189084787,81852.208529237,-0.503683647017936,0.614489125659572,""
"CompanyNike",40089.9577997586,57042.4781108467,0.702808838736889,0.48218288597091,""
"CompanyNokia",-43733.6794960474,60003.4403933936,-0.728852865924376,0.466100013466677,""
"CompanyNordstrom",-7467.06431621064,56593.2802333702,-0.131942596107156,0.895030993957571,""
"CompanyNorthrop Grumman",10549.1292705952,56854.0220497424,0.185547633927562,0.852801362021445,""
"CompanyNortonlifelock",47363.2693818924,75364.9532646068,0.628452182748653,0.529714778427199,""
"CompanyNuro",126081.884121064,66780.9385160889,1.88799209658739,0.0590411509981554,"."
"CompanyNutanix",57711.627516685,55652.2046075807,1.03700523498801,0.299745675348957,""
"CompanyNvidia",80325.8695458301,53883.8282715303,1.49072313758135,0.136049617793125,""
"CompanyOath",19006.0816123766,64076.9600596682,0.296613347366639,0.766764730877657,""
"CompanyOfferup",105095.630409921,71549.2426560498,1.46885734228013,0.141886864231653,""
"CompanyOkta",74454.8439098097,57969.3075672352,1.28438387544053,0.199022217274104,""
"CompanyOliver Wyman",-6018.1718139978,81482.5174733554,-0.0738584422844535,0.941123745904869,""
"CompanyOpendoor",74369.5589299423,64122.9893199983,1.15979556971073,0.246145584927887,""
"CompanyOpentable",26187.3944012294,71550.8567932023,0.365996936653277,0.714371146212149,""
"CompanyOppo",73847.0704741928,75336.4814244597,0.980229884352108,0.326984248748809,""
"CompanyOptimizely",-6705.82674513959,66905.1394134352,-0.100228873356073,0.92016360602432,""
"CompanyOptiver",149383.155246334,75751.7166860573,1.97201016401295,0.0486218966091766,"*"
"CompanyOptum",8602.87437737142,59805.4916018052,0.143847565615726,0.885622258475113,""
"CompanyOracle",47280.0158527634,53573.1841498461,0.882531374661613,0.377499891358797,""
"CompanyOscar",82544.8045578502,66923.8223358927,1.23341437587882,0.217435376514466,""
"CompanyOscar Health",100567.421361542,71601.7984761773,1.40453764433028,0.160173993553861,""
"CompanyPalantir",102992.40815013,57472.274999088,1.7920363888808,0.0731419109017352,"."
"CompanyPalo Alto Networks",78175.8546856166,57092.5856868752,1.36928208356813,0.170926148965867,""
"CompanyPandora",36587.8472025679,59656.9357333641,0.613304165773729,0.53968205836237,""
"CompanyPaypal",76279.2688157318,53846.0275293626,1.41661831551336,0.156609778572702,""
"CompanyPeloton",97539.8193865445,71586.3911954372,1.36254695561133,0.173040336451639,""
"CompanyPinterest",226455.378131564,54787.283738118,4.13335655065536,3.58927159721312e-05,"***"
"CompanyPivotal",182.618977275244,56901.304691388,0.00320939876977694,0.997439305963703,""
"CompanyPlaid",176812.875631314,63125.8536163935,2.80095817326732,0.00509989391518676,"**"
"CompanyPluralsight",70275.125060216,69043.0321779396,1.01784528928424,0.308763523113537,""
"CompanyPnc",-13535.4590768458,69625.4357389112,-0.194403940646095,0.845861535075918,""
"CompanyPostmates",34914.8084306288,61006.5138511493,0.572312794594655,0.567116372699062,""
"CompanyProcore",18329.003118692,71565.1052561939,0.256116483767843,0.797863469564965,""
"CompanyProofpoint",26689.6399819912,65257.8646793088,0.408987332226543,0.682553239283935,""
"CompanyPublicis Sapient",-33075.6068696171,66951.8101574957,-0.494021099531304,0.621296582880289,""
"CompanyPure Storage",102023.721150534,59963.9299625465,1.70141818947253,0.088879684973875,"."
"CompanyPwc",9063.24893379486,56506.3899593215,0.160393345607805,0.87257281495025,""
"CompanyQualcomm",43859.1531927886,53938.3530829371,0.813134823107217,0.416150226584039,""
"CompanyQualtrics",88068.4103087852,55404.1883420245,1.58956232270954,0.111948949330376,""
"CompanyQuantcast",-14368.2449943285,81446.851766467,-0.176412527712264,0.859971609697576,""
"CompanyQuicken Loans",-12418.9947225173,69934.6913090003,-0.177579889037404,0.859054677993854,""
"CompanyQuora",100845.177627096,64031.1050765598,1.57494045287082,0.115285654478543,""
"CompanyRackspace",-18766.5558163183,71655.9741426296,-0.261897993026567,0.79340272393721,""
"CompanyRakuten",16469.8742375333,68885.19470173,0.239091640937464,0.811036918650369,""
"CompanyRally Health",25531.0204157983,58465.3869393077,0.436686076195848,0.662343637578755,""
"CompanyRaytheon",16654.1978787479,58251.1068227934,0.285903543934571,0.774954894337264,""
"CompanyRealtor.Com",17686.5747529978,71523.6479111742,0.247282895511187,0.804691776916625,""
"CompanyRed Hat",12646.2380420496,57502.2296388702,0.219926046719778,0.825930945084896,""
"CompanyRed Ventures",9883.05250981413,71960.8452721447,0.137339305457544,0.890763955184923,""
"CompanyReddit",43727.6276302161,61605.5446991582,0.709800194832359,0.477836138921053,""
"CompanyRedfin",50271.5343488519,60024.3345701682,0.837519227973859,0.402310558281969,""
"CompanyRelativity",10919.9216351846,71913.3356708749,0.151848353762391,0.879308040992095,""
"CompanyRetailmenot",54150.4943690592,71654.4286258344,0.755717342354687,0.449827385745871,""
"CompanyRiot Games",90259.144598943,60747.9944198219,1.48579628777821,0.137348423017241,""
"CompanyRivian",31469.0466227953,75409.3270343932,0.417309739529206,0.676456244981334,""
"CompanyRobinhood",187338.90053323,68887.1462686585,2.71950444575846,0.00654349899036489,"**"
"CompanyRoblox",247978.182484044,57477.4300670976,4.31435751728219,1.60818286587022e-05,"***"
"CompanyRoku",124267.086368651,61533.7002580019,2.01949640355801,0.0434486653611317,"*"
"CompanyRover",62433.5350212391,81436.2694155154,0.766655146034282,0.443295425836241,""
"CompanyRubrik",97850.809867617,56949.8715566797,1.71819193253545,0.08577674500894,"."
"CompanySaic",13098.5041526429,72468.750507493,0.180746929689212,0.856568011417124,""
"CompanySalesforce",89547.7279020887,53570.5689031139,1.67158441165786,0.094621595924542,"."
"CompanySamsara",56226.465932771,58021.992580876,0.96905437803429,0.33252951580357,""
"CompanySamsung",22760.3213499122,55423.7903254126,0.410659776537807,0.681326326464482,""
"CompanySap",2003.20613942352,54422.0767454567,0.0368087044673603,0.970637892762785,""
"CompanySap Concur",-28132.4068819358,66854.805915965,-0.420798572316516,0.673906594878775,""
"CompanySchlumberger",26531.5937564555,66020.7253510893,0.401867650125989,0.687785630180037,""
"CompanySeagate",26993.7180523569,92454.361335516,0.291968033334814,0.77031402608515,""
"CompanyServicenow",60916.5021822336,55072.6153319977,1.1061123902507,0.268690884491354,""
"CompanyShopify",77865.3262745054,65344.769164731,1.19160764158812,0.233428951996848,""
"CompanyShutterfly",28490.4143619951,75419.767645424,0.377757917472499,0.705614357567288,""
"CompanyShutterstock",41084.678188623,68888.6065721249,0.596392933940508,0.550919359302244,""
"CompanySiemens",-40285.9028862292,71629.8834471726,-0.562417540661507,0.573837733825496,""
"CompanySlack",196989.889604602,56799.6968076453,3.46815037185352,0.000525131556075872,"***"
"CompanySlalom",-2469.2338694067,56921.1333476144,-0.0433799140000818,0.965399112335121,""
"CompanySmartsheet",48120.4199171636,60999.3871991761,0.788867267797955,0.430198730820936,""
"CompanySmartthings",30915.8047231369,81384.579836431,0.379873002788395,0.704043632114896,""
"CompanySnap",331095.445828023,54450.8085197298,6.08063415087866,1.21831276257015e-09,"***"
"CompanySnapchat",391953.1031663,81439.7965714095,4.81279570513932,1.49895229112224e-06,"***"
"CompanySnowflake",184436.248578304,71542.9548757215,2.57797918605251,0.00994492750429359,"**"
"CompanySofi",206465.409734641,59283.1428922556,3.48270013467206,0.000497420795106774,"***"
"CompanySonos",-2695.54904741119,68901.3371340271,-0.0391218684503583,0.96879360758732,""
"CompanySony",40222.8760498367,62280.0299672495,0.645839060626468,0.518390833085107,""
"CompanySophos",34743.6365538327,81500.8610201013,0.426297785311293,0.669895357124046,""
"CompanySpacex",94191.8221767068,75437.0966717387,1.24861409482099,0.211820544104586,""
"CompanySplunk",120444.400601607,54741.9401661502,2.2002216259789,0.0278023132439656,"*"
"CompanySpotify",63099.6542351202,55387.245717028,1.13924520741643,0.254614235123578,""
"CompanySprout Social",23665.2624987708,63520.5356008822,0.372560814780696,0.709479201422561,""
"CompanySquare",144330.499004139,54687.4772454901,2.63918736562385,0.00831680306250046,"**"
"CompanySquarespace",36500.5724035612,56644.7588157232,0.64437687028212,0.519338304721516,""
"CompanyStarbucks",-13979.0220825867,62282.6989776427,-0.22444470634782,0.822413528916597,""
"CompanyStartup",31256.3004912911,60458.5054161366,0.516987647579998,0.605170371156818,""
"CompanyState Farm",37138.650781806,63198.2600890801,0.587653057686363,0.556771676649331,""
"CompanyState Street",5804.81699787466,71737.5933935715,0.0809173645682243,0.935508461930009,""
"CompanyStitch Fix",75718.6990199561,66873.2616171499,1.13227166118271,0.257533512436622,""
"CompanyStripe",213419.992831779,54714.0634058771,3.90064234945589,9.62444844063401e-05,"***"
"CompanySurveymonkey",67599.3620821574,61006.8988769948,1.10806094599981,0.267848523921294,""
"CompanySymantec",24623.2649272361,57563.7880504043,0.427756159926017,0.668833160741816,""
"CompanySynopsys",-32520.2156517597,58143.3977505227,-0.559310547885333,0.575955921257579,""
"CompanySysdig",7188.62170355317,71566.7056433571,0.100446452563804,0.919990876778819,""
"CompanyT-Mobile",-10899.8565378188,55143.1212519614,-0.197664845412266,0.843309260302399,""
"CompanyTableau Software",132196.093914579,55760.8688769464,2.37076818523597,0.0177603734694213,"*"
"CompanyTarget",9641.97204781126,57455.0288353761,0.167817721847083,0.866728339184662,""
"CompanyTata Consultancy Services",-46308.3466825621,62333.073874542,-0.742917745012337,0.457540012963245,""
"CompanyTenable",55086.7172820515,68858.4522112198,0.799999353936621,0.423720461450342,""
"CompanyTencent",88000.3119508791,119171.815218559,0.738432252537969,0.460260293147681,""
"CompanyTeradata",16070.7406530224,71769.668272816,0.223921066374909,0.822820959515156,""
"CompanyTesla",109865.198937925,55288.1095491453,1.98713972739954,0.0469202296734376,"*"
"CompanyTexas Instruments",11913.342163027,63117.1619520118,0.18874964897954,0.850290909106644,""
"CompanyThe Home Depot",12019.613492169,62767.8991048537,0.191493003009233,0.848141262483865,""
"CompanyThe New York Times",-9589.78529019943,61663.4517855922,-0.155518139392257,0.876414389240481,""
"CompanyThoughtworks",-33721.8824279723,63117.8905386034,-0.534268210490142,0.593161788927231,""
"CompanyThumbtack",34950.3145604095,65335.0954511543,0.534939366340086,0.592697600206591,""
"CompanyTicketmaster",14750.1447703935,61156.864952455,0.241185429989923,0.809413820120436,""
"CompanyTinder",135650.680763452,65281.1462683944,2.07794575490054,0.0377267960159382,"*"
"CompanyToyota Research Institute",126564.735772711,93016.7265911896,1.36066641356845,0.173634124358149,""
"CompanyTripadvisor",55589.0296988674,61620.5204531135,0.902118795656141,0.367004387079487,""
"CompanyTune",-35177.9727962835,81441.4100838204,-0.431942088921077,0.665788056122539,""
"CompanyTwilio",152692.824682246,55322.7263964484,2.76003795597551,0.00578460833072209,"**"
"CompanyTwitch",84225.6211697041,57993.1731168356,1.45233682937162,0.146423309303937,""
"CompanyTwitter",153229.49307825,53974.4840883451,2.83892464497567,0.00453104442276307,"**"
"CompanyTwo Sigma",143517.60439777,55895.8778467847,2.56758834329723,0.0102479076633613,"*"
"CompanyUber",165772.978610613,53580.579497818,3.09390044236763,0.00197810028322891,"**"
"CompanyUbs",-23085.030150956,66902.5812033085,-0.345054402023795,0.730057020125717,""
"CompanyUdemy",35814.4881601408,75414.853375,0.474899659116931,0.634863564440048,""
"CompanyUipath",181419.539144221,63122.0066178865,2.87410918734662,0.00405586274528572,"**"
"CompanyUnder Armour",-4170.42459560932,69020.165273538,-0.0604232774448056,0.951819110075733,""
"CompanyUnity Technologies",8861.93210158636,71530.8059513152,0.123889728121027,0.901403803295221,""
"CompanyUnknown",33387.4719301067,92480.4022241096,0.361022131469522,0.71808663088991,""
"CompanyUsaa",14929.7190101212,56157.7613480448,0.265853172415338,0.790354969793872,""
"CompanyVanguard",40475.6646947122,81882.0743784511,0.494316552211874,0.621087945346243,""
"CompanyVeeva Systems",17569.4033485126,71544.9111141582,0.245571670645849,0.806016284928698,""
"CompanyVeritas Technologies",-35985.6849353177,62246.9171442011,-0.578111922425867,0.563194922074331,""
"CompanyVerizon",25652.068903938,56201.2467924215,0.456432381272314,0.648083930864152,""
"CompanyViasat",10505.0418901184,81496.8996022645,0.128901123127223,0.897437155207146,""
"CompanyVimeo",14818.0988263254,65371.0330094102,0.226676834435098,0.820677306694646,""
"CompanyVisa",8402.90353706012,56111.9159999887,0.14975256836822,0.880961308571948,""
"CompanyVistaprint",28114.4239870881,71750.3088465635,0.391836975185851,0.695182754804016,""
"CompanyVmware",56086.1117013791,53722.7559319653,1.04399170758117,0.296501563173883,""
"CompanyVrbo",34876.0264864058,75460.0798283443,0.462178499754325,0.643958235559196,""
"CompanyWalmart",66084.9825864053,54083.6225268645,1.2219037760198,0.221758097589834,""
"CompanyWarnermedia",-45688.4683394852,75538.3762010036,-0.604837840542278,0.545293456865395,""
"CompanyWayfair",66498.2517274154,54331.7967289612,1.22392881757891,0.220993178045047,""
"CompanyWaymo",121277.03761881,64034.9840022374,1.8939184495552,0.0582499299289966,"."
"CompanyWells Fargo",35819.3922555077,57997.5881453204,0.617601410695865,0.536844989361191,""
"CompanyWepay",93442.1263149554,68853.0578122843,1.35712384146698,0.174756837796525,""
"CompanyWestern Digital",-7114.46266879117,59979.3109742019,-0.118615278389097,0.905581325095783,""
"CompanyWework",78488.7862755368,55177.5085297992,1.42247789664421,0.1549028118335,""
"CompanyWish",117717.435172131,63117.4824994983,1.86505276367869,0.0621883157667741,"."
"CompanyWorkday",53674.3098672644,54368.1941928998,0.987237311521265,0.323537991224714,""
"CompanyXandr",53266.7902841288,65364.6715700459,0.814917125790913,0.415129236753992,""
"CompanyXero",-34479.8231098087,71540.3381113588,-0.481963379263568,0.629837117530125,""
"CompanyXilinx",25433.0053033729,62213.8277612903,0.408799879682012,0.682690807705786,""
"CompanyYahoo",56589.0673950217,54357.3144655966,1.04105708590217,0.29786135866531,""
"CompanyYelp",65537.9707928948,54437.2766035737,1.20391714798959,0.228635534015951,""
"CompanyYext",69556.76933717,62324.9710198993,1.11603372129867,0.264420810045278,""
"CompanyZendesk",45494.1344214764,59313.4464012816,0.767012156294014,0.443083139952899,""
"CompanyZillow",71690.7897498183,54367.2006603796,1.31864044642753,0.187304107743539,""
"CompanyZocdoc",3179.5115633949,71584.3732397023,0.0444162799714432,0.964573018451626,""
"CompanyZoom",-7358.42262957256,75367.1965137782,-0.0976342887880583,0.922223652607453,""
"CompanyZoox",99235.932283919,68868.5051846539,1.44094796333741,0.149614690521907,""
"CompanyZulily",19221.3226067425,64102.6610343783,0.299852179247817,0.764292958897743,""
"CompanyZynga",84364.4784704596,65325.1298846587,1.29145519678901,0.196560473691771,""
"GenderMale",13637.5799612263,2479.655659664,5.49978780645462,3.84800449290484e-08,"***"
"GenderNo gender provided",16854.2535676567,2757.08398583618,6.11307223655179,9.95010957742386e-10,"***"
"GenderOther",11482.9798536735,8291.22687420316,1.38495545085142,0.166081193406496,""
"RaceAmerican Indian or Alaska Native",-70326.7740913357,37863.3052064912,-1.85738602871043,0.0632706136524392,"."
"RaceAsian",-3714.86405505837,3033.51705690246,-1.22460628550137,0.220737700647764,""
"RaceBlack or African American",-8166.98760114918,10694.6523361179,-0.763651528303328,0.445083740784685,""
"RaceHispanic / Latino",-19458.0563065564,8206.21996723137,-2.37113511266518,0.0177427557809748,"*"
"RaceNative Hawaiian or Other Pacific Islander",-36359.651157332,34259.1666912836,-1.06131160413142,0.288560843774777,""
"RaceTwo or More Races",194.783951620122,9726.16629789321,0.0200267963403334,0.984022191785171,""
"RaceWhite",-5948.84542073297,3498.63179655432,-1.70033480704994,0.0890831676667387,"."
"GRADDEG_CY_sqmi",-2059.87095249029,637.198053231376,-3.23270126461343,0.00122819980141954,"**"
"MINORITYCY_sqmi",196.557999535435,74.6456975334894,2.63321271058189,0.00846449548229203,"**"
"UNEMP_CY_sqmi",-643.487412877298,458.473159017787,-1.40354435198753,0.160469755601093,""
"OCCMGMT_CY_sqmi",4641.28611017475,1594.99176744093,2.90991226720964,0.00361919793713251,"**"
"OCCCOMP_CY_sqmi",-2699.24207980623,1698.73749901818,-1.58896950315532,0.11208273240791,""
"OCCLEGL_CY_sqmi",-9035.91415931221,2997.54175699206,-3.01444146298715,0.00257768371899989,"**"
"OCCHTCH_CY_sqmi",-2748.81352940301,1651.75406850268,-1.66417845236174,0.0960920890808323,"."
"OCCSALE_CY_sqmi",-3952.64324723518,1787.46186247832,-2.21131612942769,0.0270249688367277,"*"
"OCCPROD_CY_sqmi",-4590.7264540298,1849.47474065079,-2.48217850891785,0.0130661463929357,"*"
"OCCTRAN_CY_sqmi",2121.54680362854,1227.15376408734,1.72883534705725,0.0838536561650472,"."
"N06_BUS_sqmi",75184.7112068829,42456.2906648478,1.77087329179073,0.0765966632685426,"."
"N10_BUS_sqmi",-453457.940765345,209432.770002657,-2.16517186283499,0.0303860488323938,"*"
"N18_BUS_sqmi",497779.49897752,197356.220371437,2.52223871150688,0.0116685786436706,"*"
"N23_BUS_sqmi",-235841.498157574,79979.6363064003,-2.94876932490753,0.00319402790505532,"**"
"N25_BUS_sqmi",464085.039104929,164160.246060566,2.82702450953752,0.00470283244855197,"**"
"N29_BUS_sqmi",178894.312745618,60170.8862237084,2.97310417002185,0.00295147881392511,"**"
"N30_BUS_sqmi",-770467.480667857,341316.261904298,-2.25734184585641,0.0239972228940192,"*"
"N35_BUS_sqmi",-78779.5914427695,32497.6784437251,-2.4241605928617,0.0153524276454028,"*"
"OWNER_CY_sqmi",1106.32055162624,318.370996659234,3.47494138359087,0.000512023364703229,"***"
"RENTER_CY_sqmi",1648.21314078362,461.035394794711,3.57502517028553,0.000351000734285741,"***"
"N40_BUS_sqmi",84575.7426666748,34737.3075080498,2.43472360795596,0.0149116589671948,"*"
